,fold0,fold1,fold2,fold3,fold4,mean_gain
EXT_SOURCE_MIN,146.27215576171875,149.5597381591797,139.81991577148438,162.48373413085938,154.92611694335938,150.61233215332032
EXT_SOURCE_MEAN,147.38597106933594,143.80316162109375,134.49452209472656,143.08628845214844,135.3103485107422,140.81605834960936
EXT_SOURCE_MAX,121.22745513916016,132.18539428710938,107.54196166992188,137.42910766601562,120.3116455078125,123.7391128540039
DAYS_EMPLOYED_ANOM,63.1072998046875,84.974609375,52.22836685180664,77.68017578125,29.638309478759766,61.525752258300784
NAME_EDUCATION_TYPE,51.62971878051758,57.3716926574707,58.663204193115234,53.39386749267578,54.50634002685547,55.11296463012695
EXT_SOURCE_PROD,48.186302185058594,53.4032096862793,40.13359832763672,50.22285842895508,51.494380950927734,48.688069915771486
EXT_SOURCE_3,44.54801559448242,42.14677429199219,41.317535400390625,42.49671936035156,42.198787689208984,42.54156646728516
CC_CNT_DRAWINGS_ATM_CURRENT_MEAN,40.504119873046875,46.2376823425293,34.95689010620117,44.93265914916992,40.07160568237305,41.34059143066406
PREV_NAME_CONTRACT_STATUS_REFUSED_MEAN,39.21258544921875,40.81208038330078,39.512386322021484,35.24923324584961,41.439544677734375,39.245166015625
INSTAL_1Y_DPD_MAX,37.04151916503906,36.59839630126953,33.463409423828125,39.86451721191406,37.18440628051758,36.83044967651367
GOODS_CREDIT_RATIO,31.078580856323242,33.65160369873047,26.49362564086914,35.03276443481445,31.742692947387695,31.599853515625
CODE_GENDER,31.179201126098633,28.319293975830078,29.192066192626953,29.093027114868164,32.01458740234375,29.959635162353514
CC_CNT_INSTALMENT_MATURE_CUM_MIN,8.821483612060547,78.77262115478516,49.51698303222656,0.0,0.7576379776000977,27.57374515533447
NAME_CONTRACT_TYPE,31.72138023376465,11.621122360229492,27.067813873291016,39.604820251464844,22.35927391052246,26.474882125854492
FLAG_OWN_CAR,32.44567108154297,18.970468521118164,28.05631446838379,29.47133445739746,22.16482925415039,26.221723556518555
POS_N_LOANS,21.121227264404297,27.853364944458008,21.537538528442383,34.1556396484375,25.952486038208008,26.12405128479004
INSTAL_1Y_DPD_MEAN,24.594928741455078,26.529071807861328,25.55771255493164,26.949384689331055,25.792272567749023,25.884674072265625
BURO_DEBT_CREDIT_RATIO,27.346818923950195,24.715065002441406,21.024850845336914,28.12156867980957,25.24643325805664,25.290947341918944
CC_UTILIZATION_MEAN,22.694721221923828,21.94692611694336,26.206893920898438,28.20234489440918,21.78927993774414,24.16803321838379
EXT_SOURCE_2,23.648418426513672,22.461734771728516,21.723711013793945,24.03374671936035,22.301931381225586,22.833908462524413
INSTAL_1Y_LATE_MEAN,22.324928283691406,23.5582332611084,23.395469665527344,21.3370304107666,20.245132446289062,22.172158813476564
CC_CNT_DRAWINGS_CURRENT_MEAN,20.809078216552734,27.80760955810547,19.44078826904297,18.589635848999023,22.74640464782715,21.878703308105468
DAYS_EMPLOYED,20.24026107788086,22.75961685180664,20.67021369934082,22.397207260131836,19.636228561401367,21.140705490112303
CC_CNT_DRAWINGS_ATM_CURRENT_VAR,25.89088249206543,22.043323516845703,16.211570739746094,19.453182220458984,20.070484161376953,20.733888626098633
INSTAL_LATE_MEAN,18.61402702331543,24.08083724975586,17.43085289001465,23.291242599487305,19.530029296875,20.589397811889647
CC_CNT_DRAWINGS_CURRENT_VAR,21.799640655517578,19.882003784179688,20.757648468017578,23.492252349853516,16.80560302734375,20.547429656982423
BURO_CREDIT_TYPE_MICROLOAN_MEAN,20.52251434326172,21.04926872253418,16.758840560913086,20.149290084838867,24.17269515991211,20.53052177429199
FLAG_DOCUMENT_3,22.388126373291016,23.242164611816406,16.267501831054688,22.312236785888672,18.2302303314209,20.488051986694337
POS_SK_DPD_DEF_MEAN,17.49161720275879,21.40207290649414,17.604829788208008,23.265666961669922,19.085651397705078,19.76996765136719
OCCUPATION_TYPE,19.606117248535156,18.657669067382812,17.51833152770996,21.21668815612793,19.133352279663086,19.22643165588379
PREV_NAME_CONTRACT_STATUS_APPROVED_MEAN,21.144777297973633,15.04931926727295,14.951988220214844,18.121440887451172,25.405452728271484,18.934595680236818
BURO_DAYS_CREDIT_MEAN,19.243797302246094,25.091094970703125,13.321165084838867,16.89838981628418,19.126840591430664,18.736257553100586
PREV_APPROVED_AMT_DOWN_PAYMENT_MAX,18.457677841186523,21.64071273803711,17.12325096130371,18.899681091308594,15.605199813842773,18.345304489135742
OWN_CAR_AGE,18.669084548950195,17.81489372253418,17.99465560913086,19.272619247436523,17.07624053955078,18.165498733520508
PAYMENT_RATE,17.72681427001953,17.92250633239746,16.726362228393555,18.993844985961914,16.320920944213867,17.538089752197266
EXT_SOURCE_STD,17.341184616088867,15.08703899383545,15.699167251586914,20.32888412475586,17.008394241333008,17.09293384552002
PREV_CODE_REJECT_REASON_XAP_MEAN,15.263188362121582,16.50432014465332,11.298478126525879,18.146873474121094,24.126405715942383,17.06785316467285
CC_UTILIZATION_MAX,17.802644729614258,17.252553939819336,15.200703620910645,17.357723236083984,16.757131576538086,16.87415142059326
POS_CNT_INSTALMENT_FUTURE_MEAN,18.686710357666016,16.625041961669922,14.653050422668457,16.338289260864258,16.045669555664062,16.469752311706543
DEF_30_CNT_SOCIAL_CIRCLE,18.213205337524414,16.22642707824707,14.812179565429688,15.500201225280762,16.553913116455078,16.261185264587404
CC_AMT_DRAWINGS_ATM_CURRENT_MEAN,16.15434455871582,18.51621437072754,17.906679153442383,15.513708114624023,12.450297355651855,16.108248710632324
INSTAL_AMT_PAYMENT_SUM,16.55973243713379,15.96388053894043,17.237415313720703,17.054662704467773,13.446914672851562,16.05252113342285
POS_MONTHS_BALANCE_SIZE,15.51791763305664,16.011228561401367,14.817255020141602,18.804655075073242,14.567765235900879,15.943764305114746
PREV_REFUSED_APP_CREDIT_RATIO_MIN,8.300078392028809,12.764876365661621,16.538326263427734,20.16324806213379,20.165475845336914,15.586400985717773
ORGANIZATION_TYPE,16.03797721862793,17.050203323364258,14.967663764953613,15.443949699401855,14.2883939743042,15.557637596130371
AMT_ANNUITY,15.183342933654785,16.447093963623047,14.159547805786133,15.97584056854248,14.7219820022583,15.29756145477295
NAME_INCOME_TYPE,14.952953338623047,15.804855346679688,15.87855052947998,15.535033226013184,14.262166976928711,15.286711883544921
INSTAL_DPD_MEAN,14.384182929992676,14.235512733459473,15.777666091918945,16.162113189697266,13.670523643493652,14.845999717712402
PREV_CNT_PAYMENT_MEAN,15.216597557067871,15.473898887634277,13.874279975891113,15.01827335357666,13.32348346710205,14.581306648254394
INSTAL_PAYMENT_RATIO_MEAN,19.347450256347656,16.220508575439453,12.909619331359863,12.930764198303223,11.352205276489258,14.552109527587891
BURO_CREDIT_TYPE_MORTGAGE_MEAN,14.064996719360352,15.061361312866211,16.683439254760742,12.21030044555664,13.969264030456543,14.397872352600098
DEF_60_CNT_SOCIAL_CIRCLE,12.033910751342773,10.31702995300293,14.536876678466797,19.415681838989258,14.5001220703125,14.160724258422851
REGION_RATING_CLIENT_W_CITY,13.508213996887207,16.00421905517578,12.893760681152344,12.908188819885254,14.574173927307129,13.977711296081543
BURO_ACTIVE_DAYS_CREDIT_COUNT,12.404460906982422,15.91262149810791,12.843585014343262,12.800992012023926,12.26720142364502,13.245772171020509
PREV_NAME_YIELD_GROUP_LOW_ACTION_MEAN,13.024727821350098,13.904006004333496,12.190839767456055,14.6334810256958,12.261598587036133,13.202930641174316
EXT_SOURCE_1,13.616759300231934,13.769696235656738,12.309761047363281,12.118998527526855,12.481435775756836,12.859330177307129
CC_CNT_INSTALMENT_MATURE_CUM_MEAN,11.20250129699707,15.315354347229004,12.114163398742676,11.705133438110352,13.421457290649414,12.751721954345703
EMPLOYED_AGE_RATIO,12.846110343933105,11.507394790649414,10.861968040466309,15.130693435668945,13.224853515625,12.714204025268554
NAME_FAMILY_STATUS,14.926802635192871,13.108765602111816,11.522079467773438,12.730026245117188,10.378722190856934,12.53327922821045
PREV_REFUSED_DAYS_DECISION_MEAN,16.68109130859375,11.977901458740234,12.54113483428955,12.937244415283203,8.513433456420898,12.530161094665527
CC_AMT_BALANCE_MEAN,7.885087490081787,11.394774436950684,12.057012557983398,13.625503540039062,17.197038650512695,12.431883335113525
PREV_NAME_PRODUCT_TYPE_WALK_IN_MEAN,8.721270561218262,13.528031349182129,10.569341659545898,15.217284202575684,13.420785903930664,12.291342735290527
POS_SK_DPD_DEF_MAX,9.589595794677734,13.48097038269043,11.379258155822754,14.037035942077637,10.755788803100586,11.848529815673828
FLOORSMAX_MODE,13.110671997070312,10.670743942260742,9.266291618347168,19.379024505615234,6.633270740509033,11.812000560760499
CC_CNT_INSTALMENT_MATURE_CUM_SUM,9.372488975524902,8.654274940490723,11.035176277160645,12.154807090759277,16.91577911376953,11.626505279541016
AMT_GOODS_PRICE,12.217777252197266,12.010931015014648,11.129711151123047,11.284722328186035,10.683110237121582,11.465250396728516
PREV_APP_CREDIT_RATIO_MEAN,10.253792762756348,10.884941101074219,11.535715103149414,11.052099227905273,12.609126091003418,11.267134857177734
REG_CITY_NOT_LIVE_CITY,11.882651329040527,11.24382495880127,11.100826263427734,11.10101318359375,10.879190444946289,11.241501235961914
PREV_AMT_DOWN_PAYMENT_MAX,9.023283004760742,12.54001235961914,10.541531562805176,13.639113426208496,10.345999717712402,11.217988014221191
BURO_ACTIVE_DAYS_CREDIT_MAX,10.990468978881836,11.706368446350098,10.613130569458008,12.134413719177246,10.21966552734375,11.132809448242188
PREV_REFUSED_DAYS_DECISION_MAX,11.846417427062988,11.120213508605957,11.637571334838867,11.073202133178711,9.430830001831055,11.021646881103516
BURO_ACTIVE_AMT_CREDIT_MAX_OVERDUE_MEAN,13.649434089660645,9.79334831237793,9.120738983154297,10.864810943603516,11.652234077453613,11.01611328125
INSTAL_AMT_INSTALMENT_SUM,10.365608215332031,10.298223495483398,10.35997486114502,11.106426239013672,12.92088794708252,11.010224151611329
DAYS_BIRTH,11.314640998840332,10.962023735046387,11.02245044708252,10.673181533813477,10.77323055267334,10.94910545349121
PREV_APPROVED_CNT_PAYMENT_MEAN,9.663342475891113,10.792642593383789,11.510232925415039,12.400328636169434,9.954458236694336,10.864200973510743
PREV_NAME_YIELD_GROUP_HIGH_MEAN,12.047416687011719,9.008251190185547,11.718761444091797,11.146166801452637,8.799750328063965,10.544069290161133
REGION_RATING_CLIENT,14.04910659790039,11.439733505249023,8.515076637268066,10.570526123046875,7.853623390197754,10.485613250732422
PREV_APP_CREDIT_RATIO_MIN,10.4506254196167,9.585686683654785,8.843687057495117,10.589975357055664,12.866416931152344,10.467278289794923
CC_AMT_DRAWINGS_CURRENT_MEAN,9.660292625427246,13.434608459472656,12.041608810424805,8.044563293457031,9.016286849975586,10.439472007751466
INSTAL_PAYMENT_DIFF_MEAN,9.279401779174805,8.418312072753906,10.730385780334473,10.647998809814453,13.059877395629883,10.427195167541504
PREV_APPROVED_APP_CREDIT_RATIO_MAX,13.9959716796875,8.837554931640625,11.645721435546875,8.473373413085938,9.052682876586914,10.401060867309571
ANNUITY_INCOME_RATIO,10.865242004394531,9.732792854309082,9.05793285369873,11.174379348754883,10.740043640136719,10.31407814025879
BURO_AMT_CREDIT_SUM_OVERDUE_MEAN,9.943965911865234,9.724544525146484,10.75546646118164,8.093199729919434,11.276924133300781,9.958820152282716
AMT_CREDIT,11.396655082702637,9.628106117248535,9.252497673034668,10.100465774536133,9.312793731689453,9.938103675842285
PREV_REFUSED_CNT_PAYMENT_SUM,8.399679183959961,13.778862953186035,11.569931030273438,8.90864372253418,6.988543510437012,9.929132080078125
INSTAL_PAYMENT_RATIO_MAX,8.211559295654297,9.366802215576172,8.496567726135254,11.783919334411621,10.960329055786133,9.763835525512695
CC_CNT_DRAWINGS_CURRENT_MAX,8.244004249572754,8.458341598510742,11.76350212097168,12.821053504943848,6.905709266662598,9.638522148132324
CC_AMT_TOTAL_RECEIVABLE_MEAN,14.077080726623535,8.288537979125977,10.405137062072754,8.881401062011719,6.352307319641113,9.60089282989502
INSTAL_AMT_PAYMENT_MEAN,8.411352157592773,12.118548393249512,7.421898365020752,9.695281982421875,9.933629035949707,9.516141986846923
FLAG_WORK_PHONE,10.975546836853027,9.247653007507324,8.94558334350586,8.611820220947266,9.796518325805664,9.515424346923828
INSTAL_1Y_PAYMENT_RATIO_MEAN,10.684357643127441,9.801639556884766,8.184564590454102,11.815552711486816,7.000147819519043,9.497252464294434
BURO_CREDIT_ACTIVE_CLOSED_MEAN,12.5247220993042,8.837937355041504,9.19011402130127,7.709140777587891,9.056543350219727,9.463691520690919
PREV_APP_CREDIT_RATIO_MAX,11.399398803710938,10.16943359375,9.3722505569458,8.247753143310547,7.487957954406738,9.335358810424804
BURO_ACTIVE_DAYS_CREDIT_ENDDATE_MEAN,8.894902229309082,8.844917297363281,9.373339653015137,9.658125877380371,9.233623504638672,9.200981712341308
FLOORSMAX_AVG,11.78925609588623,9.001139640808105,8.37475872039795,7.155852317810059,9.365387916564941,9.137278938293457
BURO_AMT_CREDIT_MAX_OVERDUE_MEAN,9.195664405822754,9.289133071899414,9.026329040527344,8.768716812133789,9.009961128234863,9.057960891723633
BURO_CREDIT_DAY_OVERDUE_MAX,5.779875755310059,31.691417694091797,0.0,3.1738085746765137,4.482998847961426,9.025620174407958
PREV_APPROVED_AMT_ANNUITY_MEAN,10.43749713897705,7.729650974273682,8.502236366271973,9.159780502319336,8.736464500427246,8.913125896453858
PREV_PRODUCT_COMBINATION_CASH_STREET_HIGH_MEAN,8.436026573181152,9.741913795471191,8.166154861450195,9.232447624206543,8.971513748168945,8.909611320495605
CC_UTILIZATION_MIN,11.521031379699707,8.103291511535645,7.246957778930664,13.047564506530762,4.413635730743408,8.866496181488037
CC_MONTHS_BALANCE_MIN,9.010008811950684,5.578549861907959,8.976067543029785,11.779158592224121,8.392916679382324,8.747340297698974
BURO_DAYS_CREDIT_MAX,8.898496627807617,8.361712455749512,7.745382308959961,10.321877479553223,8.378222465515137,8.74113826751709
CC_CNT_DRAWINGS_ATM_CURRENT_MAX,9.406197547912598,7.075614929199219,7.782575607299805,13.516047477722168,5.81545352935791,8.71917781829834
PREV_PRODUCT_COMBINATION_POS_INDUSTRY_WITH_INTEREST_MEAN,8.720582962036133,7.786035537719727,9.313055992126465,8.549323081970215,8.848102569580078,8.643420028686524
PREV_NAME_SELLER_INDUSTRY_FURNITURE_MEAN,6.357652187347412,9.226170539855957,8.305867195129395,8.320959091186523,10.917616844177246,8.625653171539307
BURO_ACTIVE_AMT_CREDIT_SUM_OVERDUE_MEAN,8.90125560760498,8.665637016296387,8.333297729492188,7.56744909286499,9.642446517944336,8.622017192840577
PREV_APPROVED_AMT_GOODS_PRICE_MAX,9.995413780212402,7.066119194030762,6.644368648529053,9.83377456665039,9.47222900390625,8.602381038665772
INSTAL_AMT_PAYMENT_MAX,8.745584487915039,8.874222755432129,8.227604866027832,8.980396270751953,8.146973609924316,8.594956398010254
PREV_REFUSED_HOUR_APPR_PROCESS_START_MIN,8.896092414855957,7.233874320983887,9.238534927368164,9.880199432373047,7.617226600646973,8.573185539245605
CC_MONTHS_BALANCE_VAR,9.618327140808105,8.74189281463623,5.787661075592041,9.848791122436523,8.824248313903809,8.564184093475342
BURO_CREDIT_ACTIVE_ACTIVE_MEAN,8.844155311584473,10.6779203414917,7.934961795806885,7.7600884437561035,7.42078161239624,8.52758150100708
AMT_REQ_CREDIT_BUREAU_QRT,9.044981956481934,9.677852630615234,6.304731369018555,9.753162384033203,7.118460655212402,8.379837799072266
TOTALAREA_MODE,9.927223205566406,10.379267692565918,7.912705898284912,7.465308666229248,6.167591094970703,8.370419311523438
BURO_BB_STATUS_5_MAX_MEAN,7.626489639282227,5.573793888092041,10.435386657714844,10.73488998413086,7.2505574226379395,8.324223518371582
PREV_DAYS_DECISION_MEAN,7.544233798980713,9.318135261535645,6.824857234954834,9.750395774841309,7.686670780181885,8.224858570098878
CC_AMT_RECEIVABLE_PRINCIPAL_MEAN,7.799160003662109,7.296736240386963,6.98282527923584,8.740324974060059,10.248161315917969,8.213441562652587
INSTAL_AMT_INSTALMENT_MAX,8.137567520141602,8.737188339233398,8.006502151489258,8.96167278289795,6.933745384216309,8.155335235595704
CC_AMT_DRAWINGS_ATM_CURRENT_VAR,7.623256206512451,7.822436809539795,7.847110748291016,8.587782859802246,8.821113586425781,8.140340042114257
PREV_APPROVED_DAYS_DECISION_COUNT,10.294122695922852,10.352967262268066,6.261651515960693,6.964907646179199,6.729072093963623,8.120544242858887
BURO_ACTIVE_DAYS_CREDIT_ENDDATE_MAX,8.300872802734375,8.008359909057617,7.296075344085693,8.33614444732666,8.417360305786133,8.071762561798096
BURO_BB_STATUS_4_MAX_MEAN,8.080164909362793,6.5682373046875,4.413429260253906,8.20658016204834,12.839118957519531,8.021506118774415
BURO_AMT_CREDIT_SUM_DEBT_MEAN,7.815308570861816,9.860286712646484,7.717421054840088,7.765664577484131,6.854248046875,8.002585792541504
CC_MONTHS_BALANCE_SUM,6.794028282165527,6.533055782318115,7.369707107543945,8.3840913772583,10.928037643432617,8.0017840385437
PREV_REFUSED_CNT_PAYMENT_MEAN,9.00322151184082,7.2964863777160645,8.373644828796387,7.280454635620117,8.002817153930664,7.9913249015808105
CC_CNT_DRAWINGS_ATM_CURRENT_SUM,8.566024780273438,9.830689430236816,5.699984073638916,8.7069730758667,7.119139671325684,7.98456220626831
CC_AMT_RECIVABLE_MEAN,10.55727767944336,7.610284805297852,7.910793781280518,7.0290350914001465,6.66469144821167,7.954416561126709
INSTAL_DPD_MAX,7.229700088500977,9.604048728942871,6.205449104309082,8.456246376037598,8.087981224060059,7.916685104370117
PREV_NAME_GOODS_CATEGORY_FURNITURE_MEAN,10.515012741088867,5.453390598297119,7.143741130828857,10.555354118347168,5.553565979003906,7.844212913513184
DAYS_ID_PUBLISH,7.274013996124268,8.370857238769531,7.7171831130981445,7.9461774826049805,7.804724216461182,7.8225912094116214
INSTAL_DBD_SUM,8.591643333435059,7.825510501861572,7.430583953857422,8.419445991516113,6.817473888397217,7.816931533813476
PREV_REFUSED_DAYS_DECISION_MIN,8.617828369140625,7.03638219833374,7.092934608459473,9.891668319702148,6.143174171447754,7.756397533416748
PREV_NAME_CONTRACT_TYPE_CONSUMER_LOANS_MEAN,8.756510734558105,7.4490485191345215,7.168533802032471,8.040824890136719,7.168630123138428,7.716709613800049
PREV_CODE_REJECT_REASON_CLIENT_MEAN,0.0,4.221433639526367,3.714930534362793,6.114913463592529,24.477622985839844,7.705780124664306
CC_AMT_BALANCE_MIN,8.096522331237793,4.8920063972473145,9.676966667175293,10.91129207611084,4.7153143882751465,7.658420372009277
FLOORSMAX_MEDI,8.232636451721191,6.9377851486206055,8.060378074645996,8.607629776000977,5.873653411865234,7.542416572570801
CC_AMT_INST_MIN_REGULARITY_MAX,6.619808673858643,12.098554611206055,6.280165195465088,6.244134902954102,6.288506031036377,7.506233882904053
CC_AMT_RECEIVABLE_PRINCIPAL_MIN,6.018913269042969,7.820753574371338,6.365270137786865,11.465083122253418,5.847721576690674,7.503548336029053
ELEVATORS_MEDI,6.362748622894287,6.322103023529053,8.422425270080566,7.609488010406494,8.714818000793457,7.486316585540772
POS_MONTHS_BALANCE_MAX,7.846316814422607,6.523629188537598,7.2740302085876465,8.609195709228516,7.12930965423584,7.476496315002441
WALLSMATERIAL_MODE,5.7751784324646,7.762414455413818,6.9724626541137695,8.685486793518066,7.919745922088623,7.423057651519775
INSTAL_AMT_PAYMENT_MIN,8.224482536315918,7.322303295135498,6.992023468017578,7.592513561248779,6.945194721221924,7.415303516387939
PREV_APPROVED_HOUR_APPR_PROCESS_START_MAX,7.659908294677734,5.636733055114746,7.76649808883667,7.907989978790283,8.090547561645508,7.412335395812988
POS_NAME_CONTRACT_STATUS_ACTIVE_MEAN,7.5192084312438965,7.477863311767578,7.141388416290283,8.027968406677246,6.89018440246582,7.411322593688965
PREV_APPROVED_AMT_ANNUITY_MAX,7.891047954559326,7.64432430267334,7.440922737121582,7.36160945892334,6.713454723358154,7.410271835327149
LIVINGAREA_AVG,8.334562301635742,7.765180587768555,5.995849609375,8.43669319152832,6.484787464141846,7.403414630889893
CC_CNT_INSTALMENT_MATURE_CUM_MAX,8.277202606201172,9.921154975891113,6.397061347961426,6.323451995849609,5.978168964385986,7.379407978057861
PREV_CODE_REJECT_REASON_HC_MEAN,7.0086669921875,7.301217555999756,6.786916255950928,9.25445556640625,6.518377304077148,7.373926734924316
BURO_DAYS_CREDIT_ENDDATE_MAX,7.053940773010254,7.364935874938965,7.099034786224365,8.042337417602539,7.29121208190918,7.3702921867370605
INSTAL_PAYMENT_DIFF_SUM,7.436679840087891,8.219084739685059,6.509216785430908,6.802899360656738,7.881350040435791,7.369846153259277
PREV_APPROVED_AMT_APPLICATION_MAX,7.507195472717285,8.176960945129395,6.709130764007568,6.703798770904541,7.688453197479248,7.357107830047608
PREV_REFUSED_HOUR_APPR_PROCESS_START_MEAN,12.060728073120117,5.405230522155762,7.149986267089844,7.342435836791992,4.812690734863281,7.354214286804199
PREV_CODE_REJECT_REASON_SCOFR_MEAN,6.2344536781311035,5.022364616394043,0.0,14.973686218261719,10.330388069152832,7.31217851638794
BURO_ACTIVE_AMT_CREDIT_SUM_SUM,7.6324687004089355,7.254068374633789,7.028676509857178,6.926948547363281,7.601655960083008,7.288763618469238
PREV_NAME_YIELD_GROUP_LOW_NORMAL_MEAN,7.114160060882568,7.888777256011963,6.993515968322754,8.540788650512695,5.90382194519043,7.288212776184082
INSTAL_DAYS_ENTRY_PAYMENT_MEAN,7.5164008140563965,6.981356143951416,6.566233158111572,7.361819267272949,7.953369617462158,7.275835800170898
CC_N_MONTHS,5.712377071380615,8.372586250305176,8.075255393981934,8.90646743774414,5.235419273376465,7.260421085357666
BURO_AMT_CREDIT_SUM_MEAN,6.614673137664795,8.507680892944336,6.348014831542969,7.54155158996582,7.2417731285095215,7.250738716125488
PREV_PRODUCT_COMBINATION_CASH_X_SELL_LOW_MEAN,6.821794033050537,7.403419017791748,7.985978126525879,7.17936372756958,6.82096529006958,7.242304039001465
APARTMENTS_AVG,6.037552833557129,8.985418319702148,6.329033851623535,6.526283264160156,8.186113357543945,7.212880325317383
BURO_ACTIVE_AMT_CREDIT_SUM_LIMIT_MEAN,7.1938652992248535,7.029062271118164,6.555140495300293,7.913776874542236,7.325070858001709,7.203383159637451
PREV_APPROVED_DAYS_DECISION_MIN,7.065148830413818,6.772756099700928,6.760742664337158,8.382007598876953,6.905196666717529,7.177170372009277
PREV_DAYS_DECISION_MIN,6.334085941314697,8.649369239807129,5.787940979003906,7.939387798309326,7.172183513641357,7.176593494415283
BURO_ACTIVE_DAYS_CREDIT_ENDDATE_MIN,7.096100807189941,7.480972766876221,6.6368255615234375,8.008819580078125,6.573825836181641,7.159308910369873
PREV_PRODUCT_COMBINATION_CASH_STREET_LOW_MEAN,7.134435653686523,6.452540397644043,6.954801082611084,7.770373344421387,7.44093132019043,7.1506163597106935
PREV_PRODUCT_COMBINATION_CASH_X_SELL_HIGH_MEAN,7.162081718444824,8.20947551727295,6.76787805557251,6.517581939697266,6.966833114624023,7.124770069122315
CC_MONTHS_BALANCE_MEAN,7.096005916595459,6.903091907501221,7.897089958190918,7.938821315765381,5.645127296447754,7.096027278900147
BURO_ACTIVE_AMT_CREDIT_SUM_LIMIT_SUM,7.629909515380859,7.084532260894775,6.097594261169434,7.480565071105957,7.181187629699707,7.094757747650147
CC_AMT_PAYMENT_TOTAL_CURRENT_SUM,7.781060695648193,7.618584632873535,7.734908103942871,6.5866875648498535,5.746518135070801,7.093551826477051
BURO_CLOSED_AMT_CREDIT_SUM_DEBT_MAX,7.860681533813477,5.568241596221924,12.0238618850708,5.130478382110596,4.878233909606934,7.092299461364746
PREV_APPROVED_CNT_PAYMENT_SUM,7.439013481140137,7.412811756134033,6.878958225250244,7.182351589202881,6.4916229248046875,7.080951595306397
BURO_BB_STATUS_3_MAX_MEAN,4.380343437194824,7.191802024841309,6.152698040008545,8.8832426071167,8.68775749206543,7.059168720245362
APARTMENTS_MEDI,6.993408203125,7.079272270202637,5.670698642730713,7.41334342956543,8.102331161499023,7.0518107414245605
BURO_AMT_CREDIT_SUM_SUM,7.308267593383789,7.208135604858398,6.6499152183532715,6.729444980621338,7.282243728637695,7.035601425170898
PREV_NAME_CLIENT_TYPE_NEW_MEAN,6.682013511657715,9.196115493774414,6.787962913513184,5.813174724578857,6.340753078460693,6.964003944396973
BURO_CLOSED_BB_MONTHS_BALANCE_SIZE_MEAN,7.283000946044922,7.98370885848999,6.0795722007751465,7.531980514526367,5.9404215812683105,6.963736820220947
CC_AMT_PAYMENT_CURRENT_SUM,7.855792045593262,7.040948390960693,6.836287975311279,5.9598541259765625,7.119194030761719,6.962415313720703
BURO_CLOSED_AMT_CREDIT_MAX_OVERDUE_MEAN,7.145699501037598,7.38386344909668,6.1972856521606445,6.811662197113037,7.142559051513672,6.936213970184326
CC_AMT_TOTAL_RECEIVABLE_MIN,5.534576892852783,8.315959930419922,7.759495258331299,7.36863899230957,5.627854824066162,6.921305179595947
BURO_CLOSED_AMT_CREDIT_SUM_MEAN,6.999375820159912,6.467458724975586,6.090391635894775,8.556718826293945,6.4058637619018555,6.9039617538452145
PREV_APPROVED_DAYS_DECISION_MAX,6.653948783874512,6.91898250579834,6.505971431732178,7.541661739349365,6.663493633270264,6.856811618804931
PREV_REFUSED_APP_CREDIT_RATIO_MAX,7.960000991821289,6.341355800628662,9.143514633178711,5.876405239105225,4.933606147766113,6.8509765625
BURO_ACTIVE_BB_MONTHS_BALANCE_MAX_MAX,3.197946071624756,6.370851516723633,10.207145690917969,9.713017463684082,4.6774516105651855,6.833282470703125
BURO_CLOSED_AMT_CREDIT_SUM_MAX,7.997107982635498,6.066890239715576,7.077401161193848,6.765696048736572,6.084864616394043,6.798392009735108
PREV_NAME_SELLER_INDUSTRY_CONNECTIVITY_MEAN,5.594624996185303,7.671887397766113,6.036769866943359,8.27177619934082,6.405670642852783,6.796145820617676
CREDIT_INCOME_RATIO,6.364302158355713,7.1205854415893555,6.054272174835205,7.664589881896973,6.608416557312012,6.762433242797852
CC_AMT_DRAWINGS_CURRENT_VAR,9.432816505432129,5.775923728942871,5.11162805557251,6.374849319458008,7.065590858459473,6.752161693572998
BURO_CREDIT_TYPE_CAR_LOAN_MEAN,7.779445648193359,6.627259254455566,7.152185916900635,6.241397380828857,5.944080829620361,6.7488738059997555
BURO_ACTIVE_AMT_CREDIT_SUM_DEBT_MEAN,6.593152046203613,6.6930975914001465,6.77567195892334,6.801091194152832,6.766973972320557,6.725997352600098
ELEVATORS_AVG,4.535188674926758,7.445983409881592,7.873045921325684,5.914300441741943,7.849431991577148,6.723590087890625
BURO_BB_STATUS_2_MEAN_MEAN,4.076771259307861,12.229995727539062,5.373387336730957,5.548526287078857,6.233032703399658,6.69234266281128
BURO_BB_MONTHS_BALANCE_SIZE_MEAN,6.412896633148193,6.400843143463135,6.794261455535889,7.521172523498535,6.283112525939941,6.6824572563171385
BURO_ACTIVE_AMT_CREDIT_SUM_MAX,6.953742027282715,6.752272605895996,6.391119003295898,6.6670074462890625,6.552721977233887,6.663372611999511
CC_AMT_RECEIVABLE_PRINCIPAL_MAX,6.458652496337891,6.205427646636963,6.161985397338867,7.531032562255859,6.958220958709717,6.663063812255859
CC_AMT_TOTAL_RECEIVABLE_MAX,6.215710163116455,7.690795421600342,6.974978923797607,6.302352428436279,6.074361324310303,6.651639652252197
CC_UTILIZATION_VAR,7.313228607177734,7.0189528465271,5.699214458465576,7.170099258422852,5.970735549926758,6.634446144104004
BURO_CLOSED_AMT_CREDIT_SUM_SUM,8.070595741271973,6.18804931640625,6.223986625671387,6.345206260681152,6.332735538482666,6.632114696502685
PREV_AMT_ANNUITY_MEAN,6.455918312072754,7.246667861938477,6.424311637878418,6.5547871589660645,6.445082664489746,6.625353527069092
CC_AMT_BALANCE_VAR,5.628800392150879,7.294683933258057,6.364426612854004,6.960442543029785,6.845268726348877,6.61872444152832
LIVINGAREA_MEDI,6.469107151031494,6.575737953186035,5.877862453460693,7.508589744567871,6.650015830993652,6.616262626647949
PREV_NAME_PORTFOLIO_POS_MEAN,5.720195293426514,6.184147357940674,7.364697456359863,6.28054141998291,7.516839981079102,6.613284301757813
INSTAL_DPD_SUM,5.9643754959106445,8.404641151428223,5.963155746459961,6.9321746826171875,5.762835502624512,6.605436515808106
PREV_AMT_ANNUITY_MIN,6.660969257354736,6.512536525726318,7.062926769256592,6.441342830657959,6.246374130249023,6.584829902648925
PREV_APPROVED_AMT_CREDIT_MAX,6.9315080642700195,6.381532669067383,6.30972146987915,7.109616756439209,6.172167778015137,6.580909347534179
CC_AMT_RECIVABLE_MIN,8.009050369262695,5.858160018920898,4.807794570922852,8.869661331176758,5.279187202453613,6.564770698547363
CC_UTILIZATION_SUM,5.909508228302002,6.621696949005127,7.9275898933410645,5.756070137023926,6.5457539558410645,6.5521238327026365
REGION_POPULATION_RELATIVE,6.967197895050049,6.654647350311279,5.743264198303223,6.621947765350342,6.760787010192871,6.549568843841553
DAYS_LAST_PHONE_CHANGE,7.125926971435547,7.127376079559326,6.090498924255371,6.470212459564209,5.914342880249023,6.545671463012695
BURO_CLOSED_DAYS_CREDIT_MAX,6.362155914306641,6.456956386566162,6.774338245391846,6.992082118988037,5.914444923400879,6.499995517730713
BURO_BB_STATUS_1_MEAN_MEAN,7.944039344787598,6.4701151847839355,5.771730899810791,6.641546249389648,5.556279182434082,6.476742172241211
CC_AMT_RECIVABLE_VAR,5.294186115264893,7.384712219238281,6.798033237457275,6.424561977386475,6.455654144287109,6.471429538726807
BURO_CLOSED_DAYS_CREDIT_COUNT,6.064830780029297,7.2652482986450195,6.2335920333862305,5.7914042472839355,6.998446464538574,6.470704364776611
INSTAL_DAYS_ENTRY_PAYMENT_MAX,6.223249912261963,6.549964427947998,6.175922870635986,6.943308353424072,6.4150004386901855,6.461489200592041
BURO_ACTIVE_AMT_CREDIT_SUM_DEBT_MAX,6.717278480529785,6.112447738647461,6.408473014831543,6.781506538391113,6.235901355743408,6.451121425628662
CC_AMT_BALANCE_MAX,6.095108509063721,6.4437456130981445,6.197880744934082,7.088726997375488,6.407966136932373,6.4466856002807615
DAYS_REGISTRATION,6.241205215454102,7.195913791656494,6.066230297088623,6.4593706130981445,6.2428741455078125,6.441118812561035
YEARS_BEGINEXPLUATATION_MEDI,6.025581359863281,5.687602996826172,5.694392204284668,8.202413558959961,6.482063293457031,6.418410682678223
CC_AMT_INST_MIN_REGULARITY_VAR,5.849824905395508,6.042907238006592,6.903585910797119,6.8187336921691895,6.467841148376465,6.416578578948974
BURO_AMT_CREDIT_SUM_LIMIT_SUM,6.885263442993164,5.772169589996338,6.50557279586792,6.73654842376709,6.162064075469971,6.412323665618897
BURO_AMT_CREDIT_SUM_DEBT_SUM,6.123857498168945,6.240577220916748,5.643435001373291,7.145937442779541,6.880510330200195,6.406863498687744
BURO_AMT_CREDIT_SUM_LIMIT_MEAN,7.2455668449401855,6.144705772399902,5.899868488311768,6.148861885070801,6.526229381561279,6.393046474456787
PREV_REFUSED_RATE_DOWN_PAYMENT_MAX,8.965937614440918,6.462045192718506,6.1100077629089355,5.073395729064941,5.296903610229492,6.381657981872559
PREV_HOUR_APPR_PROCESS_START_MAX,6.158873081207275,6.409841537475586,6.620284080505371,6.582627773284912,6.108599662780762,6.376045227050781
BURO_CLOSED_DAYS_CREDIT_ENDDATE_MAX,6.225294589996338,6.2765326499938965,6.12994909286499,6.832150936126709,6.348313331604004,6.362448120117188
BURO_AMT_CREDIT_SUM_MAX,6.322889804840088,6.362171173095703,5.803462982177734,6.510258197784424,6.726742267608643,6.3451048851013185
PREV_REFUSED_APP_CREDIT_RATIO_MEAN,5.647709369659424,6.637139797210693,6.8111066818237305,5.898585319519043,6.718748092651367,6.342657852172851
PREV_REFUSED_AMT_CREDIT_MIN,6.4207763671875,5.764809608459473,5.873942852020264,6.681802272796631,6.880221366882324,6.3243104934692385
YEARS_BEGINEXPLUATATION_MODE,6.86456823348999,5.885530948638916,6.230038166046143,6.859228610992432,5.714184284210205,6.310710048675537
CC_AMT_DRAWINGS_POS_CURRENT_SUM,5.401523590087891,6.341038227081299,5.024778842926025,8.298420906066895,6.45467472076416,6.3040872573852536
YEARS_BEGINEXPLUATATION_AVG,6.645461559295654,6.4610443115234375,5.440220832824707,6.957986831665039,5.9660444259643555,6.2941515922546385
CC_AMT_CREDIT_LIMIT_ACTUAL_MEAN,6.213705539703369,6.53706169128418,6.049877643585205,5.683218002319336,6.96260404586792,6.289293384552002
PREV_REFUSED_AMT_GOODS_PRICE_MAX,5.951206684112549,6.671542644500732,5.471190929412842,6.19771146774292,7.145016193389893,6.287333583831787
WEEKDAY_APPR_PROCESS_START,6.381714344024658,6.290460586547852,6.060427665710449,6.391657829284668,6.261547565460205,6.277161598205566
BURO_ACTIVE_DAYS_CREDIT_MEAN,6.27332878112793,6.813538551330566,6.225532054901123,6.487839221954346,5.448923110961914,6.249832344055176
APARTMENTS_MODE,5.606940746307373,5.829992771148682,6.989485263824463,5.907406330108643,6.896154403686523,6.245995903015137
FLAG_DOCUMENT_6,4.484580039978027,7.252823829650879,5.706362247467041,7.208621501922607,6.5565361976623535,6.241784763336182
PREV_CNT_PAYMENT_SUM,6.601757526397705,5.458435535430908,5.990077018737793,6.468843460083008,6.684421062469482,6.240706920623779
FLOORSMIN_MODE,7.707674026489258,7.772626876831055,4.5463056564331055,6.038215160369873,5.064810276031494,6.225926399230957
PREV_RATE_DOWN_PAYMENT_MAX,6.295454978942871,5.987289905548096,5.828642845153809,6.622395038604736,6.383854389190674,6.223527431488037
BURO_DAYS_CREDIT_UPDATE_MEAN,5.452970027923584,6.8819260597229,5.711866855621338,6.51943302154541,6.521017551422119,6.2174427032470705
PREV_APPROVED_RATE_DOWN_PAYMENT_MAX,5.689946174621582,6.939644813537598,5.9478440284729,6.062286853790283,6.3836565017700195,6.204675674438477
BURO_BB_STATUS_5_MEAN_MEAN,5.21381950378418,4.247521877288818,6.984468460083008,9.051946640014648,5.458912372589111,6.191333770751953
POS_NAME_CONTRACT_STATUS_COMPLETED_MEAN,6.183480262756348,6.0798492431640625,5.844668388366699,6.767420768737793,6.050682544708252,6.185220241546631
PREV_CHANNEL_TYPE_AP_CASH_LOAN__MEAN,5.263360977172852,6.1482439041137695,5.241016387939453,7.457905292510986,6.769126892089844,6.175930690765381
INSTAL_AMT_INSTALMENT_MEAN,6.570796489715576,6.454004287719727,5.27277135848999,5.966625213623047,6.577075481414795,6.168254566192627
PREV_DAYS_DECISION_MAX,6.424838542938232,6.458449363708496,6.043293476104736,5.905580997467041,5.972907543182373,6.161013984680176
PREV_APPROVED_AMT_GOODS_PRICE_MEAN,6.18052339553833,6.325620174407959,5.854791641235352,6.303652286529541,5.947646141052246,6.122446727752686
CC_AMT_TOTAL_RECEIVABLE_VAR,5.746328830718994,6.187578201293945,6.145188331604004,6.157124996185303,6.3213210105896,6.1115082740783695
CC_AMT_RECIVABLE_MAX,5.787304401397705,6.879979610443115,6.007871150970459,6.078439235687256,5.79132604598999,6.108984088897705
PREV_REFUSED_AMT_APPLICATION_MEAN,5.211109161376953,7.537966251373291,5.239396095275879,5.075240612030029,7.475419521331787,6.1078263282775875
LIVINGAPARTMENTS_MEDI,6.088811874389648,5.580732345581055,6.200541973114014,6.598585605621338,6.070240020751953,6.107782363891602
BURO_CLOSED_AMT_CREDIT_SUM_DEBT_MEAN,6.998013496398926,6.52113676071167,5.115448951721191,5.837655544281006,5.99718713760376,6.09388837814331
CC_AMT_RECEIVABLE_PRINCIPAL_VAR,6.505431652069092,5.439424991607666,6.216166019439697,5.9617133140563965,6.302440166473389,6.085035228729248
CC_AMT_PAYMENT_TOTAL_CURRENT_MAX,6.526993751525879,6.737404823303223,5.142550468444824,6.227153301239014,5.775299072265625,6.081880283355713
CC_CNT_DRAWINGS_CURRENT_SUM,5.527468204498291,6.840295314788818,5.427095413208008,6.241411209106445,6.283182621002197,6.063890552520752
BURO_ACTIVE_BB_MONTHS_BALANCE_SIZE_MEAN,5.635852813720703,6.847931385040283,6.007211208343506,6.479764461517334,5.338505744934082,6.061853122711182
PREV_PRODUCT_COMBINATION_POS_MOBILE_WITHOUT_INTEREST_MEAN,5.941291332244873,5.303481101989746,7.126712322235107,7.203941345214844,4.687685966491699,6.0526224136352536
PREV_REFUSED_DAYS_DECISION_COUNT,5.334697246551514,7.127789497375488,6.060706615447998,6.487063884735107,5.181396007537842,6.0383306503295895
PREV_APPROVED_AMT_GOODS_PRICE_MIN,5.744453430175781,6.371737957000732,5.338771343231201,6.206361293792725,6.503690719604492,6.033002948760986
ENTRANCES_MEDI,7.750828742980957,4.881328105926514,6.174252510070801,5.034144878387451,6.314244747161865,6.030959796905518
POS_MONTHS_BALANCE_MEAN,5.912499904632568,6.419604301452637,5.710916042327881,6.151617527008057,5.94692325592041,6.0283122062683105
PREV_APPROVED_APP_CREDIT_RATIO_MIN,5.8780083656311035,6.399708271026611,5.974293231964111,5.907188892364502,5.947823524475098,6.021404457092285
BURO_BB_STATUS_C_MEAN_MEAN,6.202278137207031,6.832509994506836,5.27953577041626,6.50881814956665,5.28124475479126,6.020877361297607
PREV_REFUSED_AMT_DOWN_PAYMENT_MAX,6.074338436126709,5.397964000701904,5.108425140380859,7.9571990966796875,5.484331130981445,6.004451560974121
BURO_ACTIVE_AMT_CREDIT_SUM_DEBT_SUM,6.168080806732178,6.055985927581787,5.739656925201416,6.234175205230713,5.814454078674316,6.002470588684082
PREV_REFUSED_AMT_APPLICATION_MAX,5.437627792358398,6.771284580230713,6.0786237716674805,5.559850692749023,6.1361565589904785,5.996708679199219
BURO_BB_STATUS_4_MEAN_MEAN,7.024275779724121,5.140450477600098,3.9509024620056152,4.8459553718566895,8.992334365844727,5.99078369140625
PREV_NAME_GOODS_CATEGORY_XNA_MEAN,5.343633651733398,7.010644435882568,5.731259346008301,5.648037910461426,6.130278587341309,5.9727707862854
AMT_REQ_CREDIT_BUREAU_HOUR,0.0,4.376193046569824,14.520078659057617,0.0,10.94558334350586,5.96837100982666
CC_AMT_DRAWINGS_POS_CURRENT_MAX,6.850738525390625,5.872624397277832,4.825407981872559,6.516378879547119,5.753748416900635,5.963779640197754
CC_CNT_INSTALMENT_MATURE_CUM_VAR,6.145108699798584,5.627710819244385,7.205852031707764,4.934037685394287,5.865201950073242,5.955582237243652
PREV_NAME_PRODUCT_TYPE_XNA_MEAN,5.961706638336182,5.7057204246521,5.840538501739502,6.420775413513184,5.838418960571289,5.9534319877624515
BURO_DAYS_CREDIT_ENDDATE_MEAN,5.961483955383301,5.509909629821777,5.62078332901001,6.288107872009277,6.3605732917785645,5.948171615600586
ENTRANCES_AVG,6.31580924987793,5.874672889709473,5.1280059814453125,6.37985897064209,6.034251689910889,5.946519756317139
PREV_REFUSED_AMT_APPLICATION_MIN,6.1814165115356445,5.494041919708252,5.7349090576171875,6.192626953125,6.118930816650391,5.944385051727295
PREV_NAME_TYPE_SUITE_SPOUSE_PARTNER_MEAN,6.58443021774292,6.371561527252197,5.835268020629883,5.4248366355896,5.427183628082275,5.928656005859375
CC_CNT_DRAWINGS_POS_CURRENT_MEAN,5.375321388244629,5.796141624450684,4.661946773529053,6.151575565338135,7.652807235717773,5.927558517456054
PREV_NAME_PORTFOLIO_CARDS_MEAN,5.629173278808594,5.848499774932861,5.949429512023926,5.470098972320557,6.7397685050964355,5.927394008636474
PREV_REFUSED_APP_CREDIT_RATIO_VAR,5.934370517730713,6.220595359802246,5.985962867736816,5.604669570922852,5.873192310333252,5.923758125305175
PREV_REFUSED_RATE_DOWN_PAYMENT_MIN,5.948400497436523,5.379176139831543,7.773714542388916,5.483247756958008,4.940333366394043,5.904974460601807
BURO_ACTIVE_BB_MONTHS_BALANCE_MIN_MIN,5.782104969024658,5.233813762664795,5.854574203491211,6.082348346710205,6.534971237182617,5.897562503814697
PREV_CHANNEL_TYPE_CONTACT_CENTER_MEAN,5.852532863616943,5.929437637329102,6.234240531921387,5.280011177062988,6.15320348739624,5.889885139465332
BURO_ACTIVE_AMT_ANNUITY_MEAN,5.45359992980957,5.636317253112793,5.583168983459473,6.535714149475098,6.136385917663574,5.869037246704101
BURO_ACTIVE_AMT_ANNUITY_MAX,6.423788547515869,5.852675437927246,5.603002548217773,5.584411144256592,5.870317459106445,5.866839027404785
PREV_AMT_APPLICATION_MAX,6.732028961181641,5.7421417236328125,5.19413423538208,5.919767379760742,5.665406227111816,5.850695705413818
BURO_AMT_CREDIT_SUM_DEBT_MAX,5.6702117919921875,6.234160900115967,5.679764747619629,5.457978248596191,6.194873809814453,5.847397899627685
PREV_AMT_CREDIT_MAX,5.755360126495361,5.927413463592529,5.610432147979736,6.192050457000732,5.739971160888672,5.845045471191407
BURO_ACTIVE_AMT_CREDIT_SUM_MEAN,5.748791694641113,5.927260398864746,5.694221496582031,6.21204137802124,5.635489463806152,5.843560886383057
PREV_APPROVED_APP_CREDIT_RATIO_MEAN,5.580237865447998,5.91102933883667,5.325247764587402,6.608955383300781,5.77084493637085,5.83926305770874
PREV_CHANNEL_TYPE_CREDIT_AND_CASH_OFFICES_MEAN,6.136797904968262,6.00458288192749,5.25295877456665,5.70390510559082,6.084312438964844,5.836511421203613
PREV_APPROVED_DAYS_DECISION_MEAN,6.2593584060668945,5.871131896972656,5.455158233642578,5.646058082580566,5.909323692321777,5.8282060623168945
PREV_NAME_TYPE_SUITE_NAN_MEAN,6.005116939544678,5.481071472167969,6.714115619659424,5.258735656738281,5.669063568115234,5.825620651245117
PREV_NAME_TYPE_SUITE_UNACCOMPANIED_MEAN,5.553348541259766,6.44813871383667,5.647021293640137,5.669121742248535,5.794517993927002,5.822429656982422
YEARS_BUILD_MODE,5.8787922859191895,5.10394811630249,6.129694938659668,6.172308444976807,5.823104381561279,5.821569633483887
PREV_AMT_DOWN_PAYMENT_MEAN,5.857491493225098,5.870631217956543,5.688658237457275,5.3909406661987305,6.2738800048828125,5.816320323944092
CC_AMT_RECIVABLE_SUM,7.78088903427124,5.103944778442383,5.008995532989502,5.085824012756348,6.089254379272461,5.8137815475463865
CC_AMT_PAYMENT_TOTAL_CURRENT_MEAN,6.602702617645264,5.481618881225586,5.5699005126953125,5.676543712615967,5.733397483825684,5.812832641601562
BURO_CLOSED_AMT_CREDIT_SUM_LIMIT_MEAN,5.430295944213867,3.5958967208862305,10.00633430480957,5.407521724700928,4.5692243576049805,5.801854610443115
PREV_APPROVED_AMT_ANNUITY_MIN,5.734915733337402,6.048113822937012,5.769646644592285,5.293128967285156,6.159246921539307,5.801010417938232
CC_AMT_DRAWINGS_ATM_CURRENT_SUM,5.7559309005737305,6.7411208152771,5.822131156921387,6.189414024353027,4.480202674865723,5.797759914398194
BURO_ACTIVE_BB_MONTHS_BALANCE_SIZE_SUM,6.179554462432861,6.330645561218262,6.1043572425842285,5.1661787033081055,5.186160564422607,5.793379306793213
CC_AMT_CREDIT_LIMIT_ACTUAL_MIN,5.43722677230835,7.102827072143555,5.235213279724121,5.6897077560424805,5.422519683837891,5.7774989128112795
BURO_CLOSED_BB_MONTHS_BALANCE_MIN_MIN,4.6715264320373535,6.8067522048950195,4.979053497314453,5.401750087738037,7.009566307067871,5.773729705810547
PREV_PRODUCT_COMBINATION_POS_HOUSEHOLD_WITHOUT_INTEREST_MEAN,6.089422702789307,5.233280658721924,5.751376628875732,5.872577667236328,5.91340970993042,5.772013473510742
LIVINGAPARTMENTS_AVG,5.777466297149658,5.519631862640381,5.3441925048828125,6.275354385375977,5.891217231750488,5.761572456359863
PREV_NAME_PAYMENT_TYPE_XNA_MEAN,5.563195705413818,6.409433841705322,4.96651029586792,6.001164436340332,5.819429874420166,5.751946830749512
BURO_CLOSED_AMT_ANNUITY_MEAN,5.485875129699707,5.561074733734131,5.793453693389893,5.977076530456543,5.8343939781188965,5.730374813079834
PREV_REFUSED_AMT_CREDIT_MAX,5.742257595062256,5.252735614776611,6.305480480194092,5.592100620269775,5.756803035736084,5.729875469207764
LIVINGAREA_MODE,4.88129186630249,6.215285778045654,5.513155460357666,6.5180134773254395,5.464854717254639,5.718520259857177
CC_CNT_DRAWINGS_POS_CURRENT_MAX,5.593608379364014,6.2963714599609375,6.1198320388793945,5.489954948425293,5.068103313446045,5.713574028015136
FLAG_DOCUMENT_8,6.170676231384277,6.465273857116699,4.655251979827881,6.184272766113281,4.985799312591553,5.692254829406738
PREV_PRODUCT_COMBINATION_CASH_STREET_MIDDLE_MEAN,6.5424909591674805,5.543891429901123,5.32773494720459,5.277647495269775,5.727972984313965,5.683947563171387
YEARS_BUILD_MEDI,5.668937683105469,5.691760540008545,5.030157089233398,5.946866512298584,6.046474456787109,5.6768392562866214
CC_AMT_PAYMENT_CURRENT_MEAN,5.67741060256958,5.670907497406006,5.762774467468262,5.926272392272949,5.32751989364624,5.672976970672607
PREV_HOUR_APPR_PROCESS_START_MEAN,5.695730686187744,5.549973011016846,5.985279083251953,5.566314697265625,5.5424346923828125,5.667946434020996
INSTAL_PAYMENT_DIFF_MAX,5.3042120933532715,5.720097064971924,5.439834117889404,6.01440954208374,5.840327739715576,5.663776111602783
PREV_NAME_CONTRACT_STATUS_CANCELED_MEAN,5.470254421234131,5.372108459472656,5.648865222930908,6.01324987411499,5.752651691436768,5.65142593383789
CC_AMT_CREDIT_LIMIT_ACTUAL_SUM,6.027346611022949,5.622276782989502,5.366076946258545,5.760236740112305,5.457663536071777,5.646720123291016
NAME_HOUSING_TYPE,5.385054111480713,6.61746883392334,5.3969526290893555,5.690652847290039,5.107540130615234,5.6395337104797365
PREV_AMT_GOODS_PRICE_MAX,5.529155731201172,5.988920211791992,5.190747261047363,5.546962738037109,5.933971881866455,5.6379515647888185
NONLIVINGAPARTMENTS_MODE,5.502615928649902,6.165406703948975,6.668609619140625,4.5136847496032715,5.317378044128418,5.633539009094238
POS_SK_DPD_MEAN,5.946767807006836,5.238629341125488,5.304948806762695,5.297694206237793,6.333372592926025,5.624282550811768
PREV_APPROVED_AMT_APPLICATION_MEAN,5.9064531326293945,5.605252742767334,5.507331848144531,5.199959754943848,5.8580522537231445,5.61540994644165
PREV_NAME_PAYMENT_TYPE_CASH_THROUGH_THE_BANK_MEAN,6.255345821380615,5.099708080291748,5.091604709625244,6.764772415161133,4.844438552856445,5.611173915863037
PREV_APPROVED_AMT_CREDIT_MEAN,5.375629425048828,5.84630012512207,5.616480350494385,5.70443058013916,5.496296405792236,5.607827377319336
CC_AMT_DRAWINGS_POS_CURRENT_VAR,5.866940498352051,5.360562324523926,6.039646148681641,5.8027262687683105,4.945847034454346,5.6031444549560545
COMMONAREA_MEDI,5.781149864196777,5.366380214691162,5.3755784034729,5.60409688949585,5.814211368560791,5.588283348083496
PREV_APP_CREDIT_RATIO_VAR,5.5647077560424805,6.063594341278076,5.317001819610596,5.6319661140441895,5.337000846862793,5.582854175567627
BURO_BB_MONTHS_BALANCE_MIN_MIN,5.707727432250977,6.112828731536865,5.361309051513672,5.7788519859313965,4.949141979217529,5.581971836090088
PREV_APPROVED_AMT_CREDIT_MIN,5.9611053466796875,5.643521785736084,5.138200759887695,5.77256965637207,5.392163276672363,5.58151216506958
BURO_AMT_ANNUITY_MAX,5.23167610168457,5.7050275802612305,5.5242180824279785,5.979046821594238,5.455210208892822,5.579035758972168
CC_AMT_PAYMENT_CURRENT_MAX,5.727594375610352,6.046380519866943,6.034862518310547,5.051136493682861,4.981502532958984,5.568295288085937
CC_AMT_CREDIT_LIMIT_ACTUAL_MAX,6.161639213562012,5.843417167663574,5.443094730377197,4.764189720153809,5.595643043518066,5.561596775054932
PREV_APPROVED_AMT_DOWN_PAYMENT_MEAN,4.858440399169922,5.9261016845703125,5.804107189178467,5.600740432739258,5.593479633331299,5.556573867797852
AMT_INCOME_TOTAL,5.6351494789123535,6.21849250793457,5.2875566482543945,5.363999366760254,5.269602298736572,5.554960060119629
CC_AMT_TOTAL_RECEIVABLE_SUM,5.9493184089660645,8.222257614135742,4.471116065979004,4.682421684265137,4.448194980621338,5.554661750793457
CC_CNT_DRAWINGS_POS_CURRENT_VAR,4.9680633544921875,6.103761196136475,5.451632022857666,5.857183456420898,5.389260768890381,5.553980159759521
INSTAL_PAYMENT_RATIO_MIN,5.850341320037842,5.7225189208984375,5.169201374053955,5.449934482574463,5.550279140472412,5.548455047607422
CC_AMT_INST_MIN_REGULARITY_SUM,5.308683395385742,5.891683578491211,5.81062126159668,4.760184288024902,5.968565940856934,5.547947692871094
BURO_CLOSED_BB_MONTHS_BALANCE_MAX_MAX,7.281924247741699,4.686081409454346,5.051061630249023,6.001870155334473,4.700672149658203,5.544321918487549
AMT_REQ_CREDIT_BUREAU_MON,5.7252583503723145,5.570718288421631,5.747143745422363,4.866153240203857,5.81005334854126,5.543865394592285
PREV_NAME_PRODUCT_TYPE_X_SELL_MEAN,6.461092948913574,5.343870162963867,4.775957107543945,6.032104015350342,5.102308750152588,5.543066596984863
PREV_REFUSED_RATE_DOWN_PAYMENT_MEAN,5.189815521240234,5.866488933563232,5.528252601623535,4.802896022796631,6.2998857498168945,5.537467765808105
PREV_PRODUCT_COMBINATION_POS_MOBILE_WITH_INTEREST_MEAN,5.343466281890869,5.901012420654297,4.945605754852295,5.536521911621094,5.96030330657959,5.537381935119629
PREV_APPROVED_HOUR_APPR_PROCESS_START_MEAN,5.654376983642578,5.515526294708252,5.208418369293213,5.882125377655029,5.4167866706848145,5.535446739196777
PREV_AMT_ANNUITY_MAX,5.607375144958496,5.529440879821777,5.24299955368042,5.760379791259766,5.497524738311768,5.527544021606445
BURO_CLOSED_DAYS_CREDIT_MEAN,5.483626365661621,5.935235023498535,5.636033058166504,5.426052093505859,5.1140828132629395,5.519005870819091
PREV_REFUSED_AMT_GOODS_PRICE_MEAN,5.374261856079102,5.245384216308594,5.878897666931152,5.852893829345703,5.243101596832275,5.518907833099365
OBS_30_CNT_SOCIAL_CIRCLE,5.500930309295654,5.600281238555908,5.426131725311279,5.766728401184082,5.266458988189697,5.512106132507324
INSTAL_NUM_INSTALMENT_VERSION_NUNIQUE,5.299851417541504,5.328653335571289,5.5082197189331055,5.751372814178467,5.662806510925293,5.5101807594299315
BURO_ACTIVE_DAYS_CREDIT_UPDATE_MEAN,5.302559852600098,5.614316463470459,5.245030879974365,5.90520715713501,5.450976848602295,5.503618240356445
LIVINGAPARTMENTS_MODE,4.746264457702637,6.5060577392578125,4.590097904205322,6.476302623748779,5.188207149505615,5.501385974884033
INCOME_PER_PERSON,5.165818691253662,5.7283782958984375,5.388528823852539,5.806117534637451,5.403504848480225,5.498469638824463
OBS_60_CNT_SOCIAL_CIRCLE,5.020567417144775,5.843774795532227,5.348474025726318,5.946530818939209,5.232528209686279,5.478375053405761
POS_NAME_CONTRACT_STATUS_SIGNED_MEAN,5.607452392578125,5.036977291107178,5.286457061767578,6.19476318359375,5.259475231170654,5.477025032043457
PREV_NAME_GOODS_CATEGORY_COMPUTERS_MEAN,5.747774600982666,5.669275283813477,5.227316379547119,5.5088582038879395,5.200434684753418,5.4707318305969235
PREV_RATE_DOWN_PAYMENT_MEAN,5.279181957244873,6.1744537353515625,5.211450576782227,5.55966854095459,5.122154235839844,5.469381809234619
PREV_NAME_CONTRACT_STATUS_UNUSED_OFFER_MEAN,4.443193435668945,4.827348232269287,6.274613857269287,6.445303440093994,5.351643085479736,5.46842041015625
CNT_FAM_MEMBERS,5.849219799041748,5.296125411987305,5.693051338195801,4.973053932189941,5.515425682067871,5.465375232696533
BURO_BB_MONTHS_BALANCE_SIZE_SUM,4.906006336212158,5.215908527374268,5.588609218597412,6.320244789123535,5.283073902130127,5.4627685546875
PREV_NAME_CLIENT_TYPE_REFRESHED_MEAN,5.2574944496154785,5.969065189361572,5.361774444580078,5.220158100128174,5.48654317855835,5.45900707244873
INSTAL_PAYMENT_RATIO_VAR,6.026289463043213,5.3179497718811035,5.325960159301758,5.577156066894531,5.028655529022217,5.455202198028564
BURO_CLOSED_DAYS_CREDIT_ENDDATE_MIN,5.384626865386963,5.694188117980957,5.175366401672363,5.3700714111328125,5.640291690826416,5.452908897399903
BURO_CLOSED_BB_MONTHS_BALANCE_SIZE_SUM,4.979236125946045,5.6703619956970215,5.254629135131836,5.780182838439941,5.491466999053955,5.43517541885376
PREV_REFUSED_AMT_DOWN_PAYMENT_MEAN,5.3581671714782715,5.509548664093018,4.437341213226318,6.463712692260742,5.402563571929932,5.434266662597656
COMMONAREA_MODE,5.725390434265137,5.35872220993042,5.118251323699951,5.544486045837402,5.416164398193359,5.432602882385254
BURO_BB_STATUS_0_MEAN_MEAN,5.6029438972473145,5.656879901885986,5.02578067779541,5.716194152832031,5.155122756958008,5.43138427734375
PREV_AMT_GOODS_PRICE_MEAN,5.4082441329956055,5.724490642547607,5.376847743988037,5.221074104309082,5.369382381439209,5.420007801055908
BURO_AMT_ANNUITY_MEAN,5.884450912475586,5.068291187286377,5.229549407958984,5.435640335083008,5.472192287445068,5.4180248260498045
PREV_NAME_CONTRACT_TYPE_REVOLVING_LOANS_MEAN,5.904438018798828,5.230456352233887,5.244650363922119,5.297269344329834,5.412227153778076,5.417808246612549
PREV_AMT_GOODS_PRICE_MIN,5.17319393157959,5.515895843505859,5.03768253326416,5.961671352386475,5.400104999542236,5.417709732055664
BASEMENTAREA_MEDI,5.659185409545898,6.164525508880615,5.081174850463867,5.105035305023193,5.073517799377441,5.416687774658203
ENTRANCES_MODE,5.582390785217285,5.412168979644775,6.017333984375,5.065133571624756,5.005889415740967,5.4165833473205565
CC_SK_DPD_MEAN,5.6465277671813965,3.735705614089966,4.771547317504883,6.296500205993652,6.6198954582214355,5.414035272598267
PREV_NAME_SELLER_INDUSTRY_CONSTRUCTION_MEAN,4.8502044677734375,2.943547010421753,6.720207691192627,6.045918941497803,6.503066062927246,5.412588834762573
FLOORSMIN_MEDI,4.941033363342285,6.102048397064209,4.7831339836120605,5.2824273109436035,5.933746337890625,5.408477878570556
PREV_NAME_SELLER_INDUSTRY_XNA_MEAN,5.571728229522705,5.937945365905762,4.686415672302246,5.463968276977539,5.3821282386779785,5.4084371566772464
PREV_CHANNEL_TYPE_REGIONAL_LOCAL_MEAN,5.860142707824707,5.706619739532471,5.13927698135376,4.963937759399414,5.371281623840332,5.408251762390137
POS_SK_DPD_MAX,4.585363388061523,5.354355812072754,5.271799087524414,6.477884292602539,5.344859600067139,5.406852436065674
PREV_RATE_DOWN_PAYMENT_MIN,5.3107991218566895,5.169540882110596,5.133467197418213,5.817357063293457,5.569217205047607,5.400076293945313
BURO_DAYS_CREDIT_COUNT,5.362205982208252,6.0012946128845215,5.069798946380615,5.267998695373535,5.297240734100342,5.399707794189453
PREV_WEEKDAY_APPR_PROCESS_START_MONDAY_MEAN,5.365710735321045,5.412711143493652,5.078501224517822,6.012109756469727,5.107232093811035,5.395252990722656
FLOORSMIN_AVG,4.5242156982421875,5.781603813171387,4.501530170440674,7.850881576538086,4.287745952606201,5.389195442199707
PREV_AMT_CREDIT_MEAN,5.7313232421875,5.2130513191223145,5.152031898498535,5.381330490112305,5.436814785003662,5.382910346984863
INSTAL_DBD_MEAN,5.497374057769775,5.2459001541137695,5.0973005294799805,5.509289741516113,5.521232604980469,5.3742194175720215
PREV_REFUSED_AMT_ANNUITY_MEAN,5.59514045715332,5.146552562713623,4.987219333648682,5.261112213134766,5.841738700866699,5.366352653503418
AMT_REQ_CREDIT_BUREAU_YEAR,5.5224409103393555,4.9980692863464355,5.308271884918213,5.435850620269775,5.531345367431641,5.359195613861084
CC_AMT_CREDIT_LIMIT_ACTUAL_VAR,5.0598225593566895,5.393434524536133,4.639346599578857,5.722800254821777,5.943037509918213,5.351688289642334
PREV_NAME_CASH_LOAN_PURPOSE_XAP_MEAN,5.446511268615723,5.447657108306885,5.159074306488037,5.7692742347717285,4.924779891967773,5.3494593620300295
PREV_APPROVED_HOUR_APPR_PROCESS_START_MIN,4.924633502960205,5.520779609680176,5.074317932128906,5.878159523010254,5.348426342010498,5.349263381958008
PREV_REFUSED_AMT_CREDIT_MEAN,4.921379566192627,5.82480525970459,4.96373176574707,5.576916694641113,5.455488681793213,5.348464393615723
BASEMENTAREA_AVG,5.5905961990356445,5.579586505889893,5.0425567626953125,5.223667621612549,5.277875900268555,5.342856597900391
PREV_NAME_PORTFOLIO_CASH_MEAN,5.237514972686768,5.35420036315918,5.263828754425049,5.519782543182373,5.310080528259277,5.337081432342529
YEARS_BUILD_AVG,5.672245025634766,5.364084243774414,5.082408428192139,5.3608078956604,5.20308256149292,5.336525630950928
PREV_WEEKDAY_APPR_PROCESS_START_SATURDAY_MEAN,5.638540744781494,5.44612979888916,5.245821475982666,4.999416351318359,5.33118200302124,5.332218074798584
COMMONAREA_AVG,5.2768449783325195,5.768797397613525,5.223300457000732,5.35536527633667,5.031620502471924,5.331185722351075
BURO_CLOSED_DAYS_CREDIT_MIN,5.180359840393066,5.7723541259765625,5.105931758880615,5.404124736785889,5.170294284820557,5.326612949371338
PREV_NAME_GOODS_CATEGORY_MOBILE_MEAN,5.277632713317871,5.45153284072876,4.882575035095215,5.637049674987793,5.378627777099609,5.325483608245849
INSTAL_PAYMENT_DIFF_VAR,5.416353225708008,5.444244861602783,5.0963664054870605,5.379178047180176,5.282186508178711,5.323665809631348
PREV_PRODUCT_COMBINATION_CARD_X_SELL_MEAN,5.551847457885742,5.257392406463623,4.991395950317383,6.117275238037109,4.694355010986328,5.322453212738037
PREV_REFUSED_AMT_DOWN_PAYMENT_MIN,6.902808666229248,3.7822861671447754,4.797673225402832,6.133800506591797,4.979881286621094,5.319289970397949
PREV_REFUSED_AMT_ANNUITY_MIN,5.823144912719727,4.931783676147461,4.821017265319824,6.070847988128662,4.94612455368042,5.318583679199219
PREV_NAME_CONTRACT_TYPE_CASH_LOANS_MEAN,5.3661346435546875,5.045743942260742,5.295753479003906,5.56337833404541,5.319075584411621,5.318017196655274
PREV_NAME_YIELD_GROUP_XNA_MEAN,5.491389274597168,5.443732261657715,5.208596229553223,5.468911647796631,4.948216915130615,5.3121692657470705
LIVE_CITY_NOT_WORK_CITY,5.6796793937683105,4.691629886627197,5.258799076080322,5.702106475830078,5.227722644805908,5.311987495422363
INSTAL_DBD_MAX,5.199936389923096,5.717226505279541,4.902083396911621,5.270294189453125,5.468234062194824,5.311554908752441
BURO_DAYS_CREDIT_ENDDATE_MIN,5.304070949554443,5.3748250007629395,5.148754596710205,5.589906692504883,5.134573459625244,5.310426139831543
CC_AMT_PAYMENT_TOTAL_CURRENT_VAR,5.126298427581787,6.280484199523926,4.955763816833496,5.211719989776611,4.97070837020874,5.308994960784912
FLAG_PHONE,5.25807523727417,5.345729351043701,5.111476421356201,5.6918134689331055,5.129627227783203,5.3073443412780765
PREV_APPROVED_AMT_APPLICATION_MIN,5.099443435668945,5.308776378631592,4.8522114753723145,5.776984214782715,5.49617338180542,5.306717777252198
CC_AMT_PAYMENT_CURRENT_MIN,4.797149181365967,5.868190765380859,5.470373153686523,5.383010387420654,4.957381248474121,5.295220947265625
CC_AMT_DRAWINGS_ATM_CURRENT_MAX,5.029750347137451,4.885655403137207,5.406507968902588,5.459403991699219,5.577951908111572,5.271853923797607
PREV_WEEKDAY_APPR_PROCESS_START_FRIDAY_MEAN,5.263901710510254,5.719143390655518,4.692139148712158,5.255362033843994,5.37939453125,5.261988162994385
PREV_NAME_GOODS_CATEGORY_PHOTO_CINEMA_EQUIPMENT_MEAN,5.362401962280273,5.214963436126709,5.167698860168457,4.867338180541992,5.675879955291748,5.257656478881836
NONLIVINGAREA_MEDI,5.683286666870117,5.935141563415527,4.519697666168213,4.954402923583984,5.195738792419434,5.257653522491455
CC_CNT_DRAWINGS_POS_CURRENT_SUM,5.056525707244873,6.138878345489502,4.480835437774658,5.467256546020508,5.095201015472412,5.24773941040039
PREV_REFUSED_HOUR_APPR_PROCESS_START_MAX,5.900454044342041,5.648659706115723,5.134181022644043,4.733843803405762,4.815793514251709,5.246586418151855
NONLIVINGAPARTMENTS_AVG,4.862497806549072,4.6512956619262695,5.579646587371826,5.568733215332031,5.563496112823486,5.245133876800537
BURO_ACTIVE_DAYS_CREDIT_MIN,5.317610263824463,5.690078258514404,5.112572193145752,5.310487270355225,4.758255958557129,5.237800788879395
PREV_AMT_DOWN_PAYMENT_MIN,5.175508499145508,4.964948654174805,5.250770568847656,5.784295558929443,5.004242897033691,5.235953235626221
BURO_BB_STATUS_X_MEAN_MEAN,5.631936073303223,4.846013069152832,5.506957054138184,4.63967752456665,5.552053451538086,5.235327434539795
CC_AMT_DRAWINGS_CURRENT_MAX,6.209360122680664,5.360162258148193,4.448192119598389,5.759292125701904,4.392230033874512,5.233847332000733
PREV_NAME_GOODS_CATEGORY_AUDIO_VIDEO_MEAN,5.839895725250244,5.1775994300842285,5.058187484741211,5.085394859313965,4.997231483459473,5.231661796569824
PREV_NAME_GOODS_CATEGORY_CONSUMER_ELECTRONICS_MEAN,5.2285943031311035,5.243696689605713,5.1345391273498535,4.939846038818359,5.601274490356445,5.229590129852295
PREV_NAME_TYPE_SUITE_FAMILY_MEAN,4.570168495178223,5.113133430480957,5.640945911407471,5.5893120765686035,5.222448348999023,5.227201652526856
LANDAREA_MEDI,5.543982028961182,5.427445888519287,5.231181621551514,5.405747890472412,4.51210880279541,5.224093246459961
PREV_AMT_APPLICATION_MEAN,5.240268230438232,5.4496169090271,4.942090034484863,5.0196075439453125,5.423115253448486,5.214939594268799
NAME_TYPE_SUITE,5.19157600402832,5.247771739959717,5.079329967498779,5.065338134765625,5.4357218742370605,5.2039475440979
LANDAREA_AVG,5.731000900268555,5.510622978210449,4.930721759796143,5.074636459350586,4.7562103271484375,5.200638484954834
PREV_NAME_CLIENT_TYPE_REPEATER_MEAN,5.10078763961792,5.418445110321045,4.870342254638672,5.65615177154541,4.9407758712768555,5.19730052947998
HOUR_APPR_PROCESS_START,5.197312831878662,5.174839496612549,5.15453577041626,4.919567108154297,5.539425849914551,5.1971362113952635
BURO_DAYS_CREDIT_MIN,5.278193950653076,5.215146064758301,5.047374725341797,5.2094879150390625,5.234924793243408,5.197025489807129
PREV_HOUR_APPR_PROCESS_START_MIN,5.4146647453308105,5.579858779907227,5.300439834594727,5.0023088455200195,4.6629109382629395,5.1920366287231445
PREV_AMT_CREDIT_MIN,5.526262283325195,5.056266784667969,5.3284010887146,4.947498321533203,5.0106520652771,5.173816108703614
PREV_PRODUCT_COMBINATION_CARD_STREET_MEAN,5.6334228515625,5.166202068328857,4.613702297210693,4.977052211761475,5.39492130279541,5.157060146331787
PREV_APPROVED_APP_CREDIT_RATIO_VAR,5.034221172332764,5.234493732452393,5.21772575378418,5.013497829437256,5.251791954040527,5.150346088409424
NONLIVINGAREA_MODE,5.748444557189941,5.22476053237915,4.842418670654297,4.83709716796875,5.045962810516357,5.139736747741699
PREV_WEEKDAY_APPR_PROCESS_START_THURSDAY_MEAN,5.333694934844971,5.1689372062683105,5.337305545806885,4.830920696258545,5.008101940155029,5.135792064666748
CC_AMT_PAYMENT_CURRENT_VAR,5.591821193695068,4.795112133026123,4.578634738922119,5.783689498901367,4.895998477935791,5.129051208496094
PREV_APPROVED_RATE_DOWN_PAYMENT_MIN,4.671694755554199,5.181021690368652,5.1371941566467285,5.573857307434082,5.069977283477783,5.126749038696289
PREV_NAME_SELLER_INDUSTRY_INDUSTRY_MEAN,4.987450122833252,3.7358334064483643,3.8520030975341797,5.10870885848999,7.932344436645508,5.123267984390258
BURO_CLOSED_AMT_ANNUITY_MAX,4.864429950714111,5.707260608673096,4.548187255859375,5.492632865905762,4.98406982421875,5.119316101074219
BASEMENTAREA_MODE,5.063825607299805,4.71167516708374,4.770678520202637,5.396799564361572,5.637784481048584,5.116152667999268
PREV_CODE_REJECT_REASON_LIMIT_MEAN,5.015750885009766,4.8279314041137695,5.365270137786865,5.892838001251221,4.475994110107422,5.115556907653809
PREV_CODE_REJECT_REASON_SCO_MEAN,5.431124687194824,4.674454689025879,5.205670356750488,5.465672016143799,4.789292812347412,5.11324291229248
CC_AMT_RECEIVABLE_PRINCIPAL_SUM,6.1577839851379395,5.16890811920166,4.412684917449951,5.392182350158691,4.42703914642334,5.111719703674316
PREV_REFUSED_AMT_GOODS_PRICE_MIN,5.082046031951904,4.94672966003418,4.806397914886475,5.8709588050842285,4.829754829406738,5.107177448272705
BURO_CLOSED_DAYS_CREDIT_UPDATE_MEAN,5.008241176605225,5.108530521392822,4.823852062225342,5.203047752380371,5.351829528808594,5.09910020828247
BURO_CREDIT_TYPE_CREDIT_CARD_MEAN,4.883639812469482,5.166759490966797,5.132426738739014,5.055505275726318,5.246063232421875,5.096878910064698
PREV_PRODUCT_COMBINATION_CASH_X_SELL_MIDDLE_MEAN,4.99757194519043,5.620707035064697,4.918985843658447,5.0817179679870605,4.809852600097656,5.085767078399658
BURO_CREDIT_TYPE_CONSUMER_CREDIT_MEAN,5.181693077087402,5.050697326660156,5.022383689880371,5.070078372955322,5.083645343780518,5.081699562072754
BURO_BB_MONTHS_BALANCE_MAX_MAX,6.565446376800537,3.6550283432006836,4.468179225921631,5.9469990730285645,4.750934600830078,5.077317523956299
PREV_WEEKDAY_APPR_PROCESS_START_TUESDAY_MEAN,4.9693779945373535,5.61997652053833,4.798790454864502,5.017914295196533,4.968478679656982,5.07490758895874
PREV_CHANNEL_TYPE_CHANNEL_OF_CORPORATE_SALES_MEAN,5.896258354187012,4.247828006744385,5.210132122039795,4.598559856414795,5.418758392333984,5.0743073463439945
CC_NAME_CONTRACT_STATUS_ACTIVE_MEAN,4.487610340118408,5.536002159118652,5.018448352813721,5.319271564483643,5.000894546508789,5.072445392608643
PREV_NAME_YIELD_GROUP_MIDDLE_MEAN,4.9628376960754395,5.183792591094971,4.95855712890625,4.893551349639893,5.363217353820801,5.072391223907471
ELEVATORS_MODE,4.212113857269287,6.454967975616455,5.491402626037598,4.64522647857666,4.551990985870361,5.071140384674072
PREV_CHANNEL_TYPE_COUNTRY_WIDE_MEAN,5.592581748962402,5.043835163116455,4.7556471824646,4.709315776824951,5.168914794921875,5.054058933258057
BURO_CLOSED_DAYS_CREDIT_ENDDATE_MEAN,5.105384826660156,5.170536041259766,4.7610249519348145,5.303980350494385,4.925371170043945,5.053259468078613
CC_AMT_BALANCE_SUM,5.534037113189697,4.225034236907959,4.480975151062012,5.525740146636963,5.485865116119385,5.050330352783203
PREV_NAME_SELLER_INDUSTRY_CONSUMER_ELECTRONICS_MEAN,5.009782314300537,5.026566505432129,4.825488567352295,5.039759635925293,5.347504615783691,5.049820327758789
PREV_WEEKDAY_APPR_PROCESS_START_SUNDAY_MEAN,5.523938179016113,4.737689018249512,5.094777584075928,5.024180889129639,4.852445125579834,5.046606159210205
LANDAREA_MODE,5.225130558013916,4.968048095703125,5.0346503257751465,5.167301654815674,4.824385643005371,5.043903255462647
PREV_CHANNEL_TYPE_STONE_MEAN,5.212269306182861,5.082803249359131,5.097729206085205,4.859372138977051,4.932037353515625,5.036842250823975
NONLIVINGAREA_AVG,4.373179912567139,5.939354419708252,4.91636323928833,4.967362880706787,4.910211086273193,5.02129430770874
CC_SK_DPD_VAR,4.658874034881592,4.803495407104492,4.791426658630371,5.840188026428223,4.998626708984375,5.018522167205811
PREV_APPROVED_RATE_DOWN_PAYMENT_MEAN,5.08381986618042,4.928361415863037,5.215065002441406,5.110806941986084,4.752938747406006,5.018198394775391
BURO_CLOSED_AMT_CREDIT_SUM_DEBT_SUM,6.101046562194824,5.253355979919434,4.796669006347656,3.4945802688598633,5.4167962074279785,5.012489604949951
CNT_CHILDREN,4.91776180267334,5.32222843170166,4.917283058166504,4.509194850921631,5.322010517120361,4.997695732116699
PREV_APPROVED_AMT_DOWN_PAYMENT_MIN,4.776805400848389,5.11366605758667,5.067897319793701,4.961435794830322,5.06767463684082,4.997495841979981
PREV_AMT_APPLICATION_MIN,4.755719184875488,5.2148661613464355,4.871013641357422,5.247025012969971,4.891190052032471,4.995962810516358
CC_AMT_INST_MIN_REGULARITY_MEAN,6.204832553863525,5.261139869689941,4.142655849456787,4.500063419342041,4.858575820922852,4.993453502655029
CC_AMT_DRAWINGS_CURRENT_SUM,5.432211875915527,4.727382183074951,4.25020170211792,5.488183975219727,5.025679588317871,4.984731864929199
NONLIVINGAPARTMENTS_MEDI,4.869077205657959,4.88442850112915,4.811115264892578,5.497661590576172,4.699007511138916,4.952258014678955
PREV_PRODUCT_COMBINATION_CASH_MEAN,4.684388637542725,5.15652322769165,5.099580764770508,4.637271881103516,5.137603282928467,4.943073558807373
PREV_REFUSED_AMT_ANNUITY_MAX,4.9737067222595215,5.14475154876709,4.46885871887207,5.004740238189697,5.117189407348633,4.941849327087402
POS_NAME_CONTRACT_STATUS_RETURNED_TO_THE_STORE_MEAN,5.940515995025635,3.694979429244995,5.12198543548584,4.217535018920898,5.726407527923584,4.940284681320191
FONDKAPREMONT_MODE,5.121993064880371,5.031301498413086,4.3776326179504395,4.625268936157227,5.529914855957031,4.937222194671631
CC_AMT_DRAWINGS_POS_CURRENT_MEAN,5.015239238739014,4.8191423416137695,5.650269031524658,4.739702224731445,4.427591800689697,4.930388927459717
PREV_PRODUCT_COMBINATION_POS_HOUSEHOLD_WITH_INTEREST_MEAN,5.2481608390808105,4.692500114440918,4.880320072174072,4.82050085067749,4.927504062652588,4.913797187805176
PREV_NAME_SELLER_INDUSTRY_CLOTHING_MEAN,6.67380952835083,5.349853038787842,4.563248634338379,0.0,7.874178886413574,4.892218017578125
PREV_WEEKDAY_APPR_PROCESS_START_WEDNESDAY_MEAN,5.056719779968262,4.7490553855896,4.918096542358398,4.935820579528809,4.7630109786987305,4.884540653228759
PREV_NAME_PORTFOLIO_XNA_MEAN,4.974644660949707,5.210184574127197,5.073736667633057,4.9987263679504395,4.156299114227295,4.882718276977539
REG_CITY_NOT_WORK_CITY,5.173254489898682,4.690352916717529,5.127762794494629,4.556685924530029,4.858358383178711,4.881282901763916
FLAG_OWN_REALTY,4.603507041931152,5.668449878692627,5.028190612792969,4.812291145324707,4.2678961753845215,4.876066970825195
CC_SK_DPD_DEF_MEAN,4.056468486785889,4.303191661834717,3.722370147705078,6.47891902923584,5.69109582901001,4.850409030914307
BURO_CREDIT_ACTIVE_SOLD_MEAN,4.063591480255127,4.9976067543029785,4.559018611907959,5.7395148277282715,4.874011039733887,4.846748542785645
PREV_NAME_CASH_LOAN_PURPOSE_XNA_MEAN,4.550772666931152,4.76871919631958,5.063183784484863,4.647696018218994,5.17596435546875,4.841267204284668
CC_MONTHS_BALANCE_MAX,3.438805341720581,5.389144420623779,4.68980598449707,4.808229923248291,5.811760902404785,4.827549314498901
PREV_NAME_CASH_LOAN_PURPOSE_REPAIRS_MEAN,4.341549396514893,5.682971000671387,4.700524806976318,4.115514278411865,4.607624053955078,4.689636707305908
PREV_DAYS_DECISION_COUNT,4.850687026977539,4.712082862854004,4.216494083404541,4.876539707183838,4.470249176025391,4.625210571289062
CC_SK_DPD_SUM,4.437559127807617,3.5458998680114746,5.1688385009765625,4.845808982849121,4.731982231140137,4.546017742156982
HOUSETYPE_MODE,5.380415916442871,6.107674598693848,4.965729713439941,0.9611284136772156,5.017730712890625,4.4865358710289005
PREV_NAME_GOODS_CATEGORY_CONSTRUCTION_MATERIALS_MEAN,3.73414945602417,4.494445323944092,4.98493766784668,4.665550708770752,4.53118896484375,4.482054424285889
CC_CNT_DRAWINGS_OTHER_CURRENT_VAR,5.188447952270508,5.313769817352295,2.483614444732666,4.977715492248535,4.011704921722412,4.395050525665283
CC_AMT_DRAWINGS_POS_CURRENT_MIN,5.7718505859375,6.975759506225586,3.9216244220733643,0.0,4.996158123016357,4.333078527450562
CC_NAME_CONTRACT_STATUS_COMPLETED_MEAN,3.4193153381347656,1.2131835222244263,5.988689422607422,6.859526634216309,3.8529789447784424,4.266738772392273
CC_SK_DPD_DEF_VAR,4.216659069061279,0.0,4.463719367980957,7.249116897583008,5.304041385650635,4.246707344055176
CC_AMT_DRAWINGS_OTHER_CURRENT_MEAN,8.8046236038208,3.218116521835327,0.0,4.9361162185668945,3.6891074180603027,4.129592752456665
CC_CNT_DRAWINGS_OTHER_CURRENT_MEAN,0.0,4.115477561950684,4.875885963439941,7.029574871063232,4.556941032409668,4.115575885772705
CC_AMT_DRAWINGS_OTHER_CURRENT_VAR,5.414149284362793,4.615848541259766,7.654654502868652,0.0,2.7326433658599854,4.083459138870239
PREV_NAME_TYPE_SUITE_CHILDREN_MEAN,4.785547256469727,0.0,5.025631427764893,5.003361225128174,5.23227596282959,4.009363174438477
PREV_NAME_GOODS_CATEGORY_CLOTHING_AND_ACCESSORIES_MEAN,4.801335334777832,0.0,5.576413631439209,4.536389350891113,5.0412445068359375,3.9910765647888184
BURO_ACTIVE_CNT_CREDIT_PROLONG_SUM,6.556180000305176,9.063508033752441,0.0,3.771124839782715,0.0,3.8781625747680666
PREV_NAME_TYPE_SUITE_OTHER_B_MEAN,4.7433085441589355,4.749682903289795,0.0,4.2707648277282715,5.443423271179199,3.8414359092712402
FLAG_DOCUMENT_16,4.217384338378906,4.34561014175415,4.1485161781311035,2.38042950630188,3.824817180633545,3.783351469039917
FLAG_DOCUMENT_18,4.1959123611450195,3.500204086303711,3.5510106086730957,3.97739577293396,3.675675392150879,3.780039644241333
PREV_PRODUCT_COMBINATION_POS_OTHER_WITH_INTEREST_MEAN,0.0,4.450423240661621,4.945644855499268,3.958972692489624,5.470149993896484,3.7650381565093993
CC_SK_DPD_DEF_SUM,9.977666854858398,0.0,4.4717559814453125,3.888596773147583,0.0,3.667603921890259
FLAG_EMP_PHONE,5.514706611633301,0.0,0.0,6.847159385681152,5.405519962310791,3.5534771919250487
BURO_BB_STATUS_3_MEAN_MEAN,2.731313943862915,3.3327081203460693,6.885243892669678,0.0,4.236773490905762,3.437207889556885
BURO_ACTIVE_CREDIT_DAY_OVERDUE_MEAN,3.136206865310669,1.1030787229537964,7.868701934814453,4.625092506408691,0.0,3.346616005897522
CC_AMT_DRAWINGS_OTHER_CURRENT_MAX,4.170928955078125,3.538125514984131,5.6894965171813965,0.0,3.210817813873291,3.3218737602233888
REG_REGION_NOT_WORK_REGION,5.272693634033203,0.0,5.573771953582764,0.0,4.337791919708252,3.036851501464844
CC_AMT_DRAWINGS_OTHER_CURRENT_SUM,6.262200355529785,4.759378910064697,0.0,0.0,3.6606502532958984,2.9364459037780763
PREV_NAME_CASH_LOAN_PURPOSE_URGENT_NEEDS_MEAN,0.0,0.0,0.0,8.798677444458008,5.42290735244751,2.8443169593811035
LIVE_REGION_NOT_WORK_REGION,4.8417487144470215,5.1842498779296875,0.0,0.0,4.0913848876953125,2.823476696014404
PREV_NAME_CASH_LOAN_PURPOSE_OTHER_MEAN,0.0,8.050056457519531,2.1080455780029297,3.958770751953125,0.0,2.823374557495117
PREV_NAME_GOODS_CATEGORY_SPORT_AND_LEISURE_MEAN,2.9344029426574707,3.7496321201324463,3.08902645111084,3.821959972381592,0.0,2.7190042972564696
PREV_NAME_SELLER_INDUSTRY_AUTO_TECHNOLOGY_MEAN,0.0,3.9626846313476562,5.396770477294922,0.0,3.891289234161377,2.650148868560791
BURO_CNT_CREDIT_PROLONG_SUM,0.0,9.488323211669922,0.0,0.0,3.5114243030548096,2.599949502944946
BURO_CREDIT_DAY_OVERDUE_MEAN,6.544504642486572,0.0,0.0,6.0764546394348145,0.0,2.5241918563842773
CC_SK_DPD_MAX,7.12598180770874,0.0,1.3241589069366455,0.0,4.0943379402160645,2.50889573097229
PREV_NAME_TYPE_SUITE_OTHER_A_MEAN,0.0,0.0,4.806044578552246,6.2382612228393555,0.0,2.20886116027832
EMERGENCYSTATE_MODE,2.7830095291137695,0.0,4.751180648803711,0.0,3.367194414138794,2.1802769184112547
CC_CNT_DRAWINGS_POS_CURRENT_MIN,0.0,4.577968120574951,0.0,6.1030426025390625,0.0,2.1362021446228026
CC_SK_DPD_DEF_MAX,3.745267629623413,0.0,0.0,5.099365234375,0.0,1.7689265727996826
BURO_CLOSED_AMT_CREDIT_SUM_LIMIT_SUM,0.0,1.6455211639404297,7.198853969573975,0.0,0.0,1.7688750267028808
PREV_NAME_GOODS_CATEGORY_JEWELRY_MEAN,5.026810169219971,3.619189977645874,0.0,0.0,0.0,1.7292000293731689
FLAG_EMAIL,4.500979423522949,0.0,3.6098105907440186,0.0,0.0,1.6221580028533935
AMT_REQ_CREDIT_BUREAU_WEEK,4.060092449188232,0.0,1.1160507202148438,1.9246063232421875,0.0,1.4201498985290528
CC_CNT_DRAWINGS_OTHER_CURRENT_MAX,0.0,0.0,7.06404972076416,0.0,0.0,1.4128099441528321
CC_AMT_PAYMENT_TOTAL_CURRENT_MIN,0.0,0.0,0.6916383504867554,0.0,6.2060065269470215,1.3795289754867555
REG_REGION_NOT_LIVE_REGION,0.0,0.0,2.2655186653137207,3.7838377952575684,0.0,1.2098712921142578
AMT_REQ_CREDIT_BUREAU_DAY,0.0,0.0,5.9100542068481445,0.0,0.0,1.1820108413696289
CC_AMT_INST_MIN_REGULARITY_MIN,0.0,0.0,0.0,0.0,5.588967800140381,1.1177935600280762
BURO_ACTIVE_CREDIT_DAY_OVERDUE_MAX,0.0,0.0,0.0,5.480701446533203,0.0,1.0961402893066405
BURO_CLOSED_CNT_CREDIT_PROLONG_SUM,0.0,0.0,4.945957183837891,0.0,0.0,0.9891914367675781
CC_CNT_DRAWINGS_CURRENT_MIN,0.0,0.0,4.330967426300049,0.0,0.0,0.8661934852600097
PREV_NAME_GOODS_CATEGORY_AUTO_ACCESSORIES_MEAN,0.0,3.912973165512085,0.0,0.0,0.0,0.782594633102417
PREV_NAME_GOODS_CATEGORY_VEHICLES_MEAN,0.0,0.0,0.0,0.0,3.730314254760742,0.7460628509521484
CC_NAME_CONTRACT_STATUS_SIGNED_MEAN,3.5059056282043457,0.0,0.0,0.0,0.0,0.7011811256408691
PREV_PRODUCT_COMBINATION_POS_INDUSTRY_WITHOUT_INTEREST_MEAN,0.0,2.5798447132110596,0.0,0.0,0.0,0.5159689426422119
CC_CNT_DRAWINGS_OTHER_CURRENT_SUM,0.0,0.5927813053131104,0.0,0.0,0.0,0.11855626106262207
